address,geo_lat,geo_lon
"Респ Адыгея, г Адыгейск",44.878414,39.190289
г Майкоп,44.6098268,40.1006606
г Горно-Алтайск,51.9581028,85.9603235
"Алтайский край, г Алейск",52.4922513,82.7793606
г Барнаул,53.3479968,83.7798064
"Алтайский край, г Белокуриха",51.996152,84.9839604
"Алтайский край, г Бийск",52.5393864,85.2138453
"Алтайский край, г Горняк",50.9979622,81.4643358
"Алтайский край, г Заринск",53.7063476,84.9315081
"Алтайский край, г Змеиногорск",51.1581094,82.1872547
"Алтайский край, г Камень-на-Оби",53.7913974,81.3545053
"Алтайский край, г Новоалтайск",53.4119759,83.9311069
"Алтайский край, г Рубцовск",51.5012067,81.2078695
"Алтайский край, г Славгород",52.999463,78.6459232
"Алтайский край, г Яровое",52.9252146,78.5729775
"Амурская обл, г Белогорск",50.9213415,128.4739471
г Благовещенск,50.290659,127.527198
"Амурская обл, г Завитинск",50.1064111,129.4391813
"Амурская обл, г Зея",53.7340088,127.265787
"Амурская обл, г Райчихинск",49.7941615,129.4112492
"Амурская обл, г Свободный",51.3614103,128.1219729
"Амурская обл, г Сковородино",53.9871095,123.9437205
"Амурская обл, г Тында",55.1546441,124.7468904
"Амурская обл, г Циолковский",51.762481,128.1219846
"Амурская обл, г Шимановск",52.0051886,127.7005458
г Архангельск,64.5394289,40.5169606
"Архангельская обл, г Вельск",61.066,42.1032789
"Архангельская обл, г Каргополь",61.5009724,38.9636966
"Архангельская обл, г Коряжма",61.2885948,47.1003015
"Архангельская обл, г Котлас",61.2528972,46.633242
"Архангельская обл, г Мезень",65.8398078,44.2532273
"Архангельская обл, г Мирный",62.7645265,40.3360076
"Архангельская обл, г Новодвинск",64.4136851,40.8208143
"Архангельская обл, г Няндома",61.6654674,40.2062947
"Архангельская обл, г Онега",63.9162928,38.0805031
"Архангельская обл, г Северодвинск",64.5625385,39.8180934
"Архангельская обл, Котласский р-н, г Сольвычегодск",61.3319616,46.920441
"Архангельская обл, г Шенкурск",62.1057272,42.8996973
г Астрахань,46.3655652,48.0559236
"Астраханская обл, г Ахтубинск",48.2752034,46.1906462
"Астраханская обл, г Знаменск",48.5866291,45.7368019
"Астраханская обл, г Камызяк",46.110579,48.07333
"Астраханская обл, г Нариманов",46.6916565,47.8502476
"Астраханская обл, г Харабали",47.408999,47.2525345
"Респ Башкортостан, г Агидель",55.8999056,53.9220144
"Респ Башкортостан, г Баймак",52.5912896,58.3110998
"Респ Башкортостан, г Белебей",54.1034582,54.1113129
"Респ Башкортостан, г Белорецк",53.9676488,58.4100419
"Респ Башкортостан, г Бирск",55.4155753,55.5582214
"Респ Башкортостан, г Благовещенск",55.0499867,55.9553186
"Респ Башкортостан, г Давлеканово",54.2226707,55.0312373
"Респ Башкортостан, г Дюртюли",55.4848318,54.8524765
"Респ Башкортостан, г Ишимбай",53.4545764,56.0438751
"Респ Башкортостан, г Кумертау",52.7564939,55.7970197
"Респ Башкортостан, г Межгорье",54.2397689,57.9614547
"Респ Башкортостан, г Мелеуз",52.9589532,55.9282838
"Респ Башкортостан, г Нефтекамск",56.088377,54.2483061
"Респ Башкортостан, г Октябрьский",54.4815311,53.4655972
"Респ Башкортостан, г Салават",53.3616974,55.9245224
"Респ Башкортостан, г Сибай",52.7204651,58.6663783
"Респ Башкортостан, г Стерлитамак",53.6300864,55.9317089
"Респ Башкортостан, г Туймазы",54.5999224,53.6950623
г Уфа,54.734944,55.9578468
"Респ Башкортостан, г Учалы",54.3067375,59.4125461
"Респ Башкортостан, г Янаул",56.2650146,54.929907
"Белгородская обл, г Алексеевка",50.6299647,38.6880342
г Белгород,50.5976472,36.5856652
"Белгородская обл, г Бирюч",50.6484585,38.4005083
"Белгородская обл, г Валуйки",50.2111207,38.0998772
"Белгородская обл, г Грайворон",50.4862958,35.6663877
"Белгородская обл, г Губкин",51.2837123,37.5347759
"Белгородская обл, г Короча",50.8129041,37.1896436
"Белгородская обл, г Новый Оскол",50.7633747,37.8775484
"Белгородская обл, г Старый Оскол",51.2967101,37.8350182
"Белгородская обл, г Строитель",50.7845099,36.4887648
"Белгородская обл, г Шебекино",50.4004883,36.8877889
г Брянск,53.2419535,34.3652146
"Брянская обл, г Дятьково",53.5958178,34.3551812
"Брянская обл, г Жуковка",53.5340397,33.7302579
"Брянская обл, г Злынка",52.4267015,31.7360399
"Брянская обл, г Карачев",53.1296524,34.9888727
"Брянская обл, г Клинцы",52.7529119,32.233911
"Брянская обл, г Мглин",53.0599771,32.8468129
"Брянская обл, г Новозыбков",52.537173,31.9357991
"Брянская обл, г Почеп",52.9154851,33.4744058
"Брянская обл, г Севск",52.1483358,34.4918415
"Брянская обл, г Сельцо",53.3739884,34.1059172
"Брянская обл, г Стародуб",52.5852257,32.760403
"Брянская обл, г Сураж",53.0170888,32.3938878
"Брянская обл, г Трубчевск",52.5791734,33.7660547
"Брянская обл, г Унеча",52.8461199,32.6757629
"Брянская обл, г Фокино",53.4554145,34.4159238
"Респ Бурятия, Кабанский р-н, г Бабушкин",51.7112755,105.8673219
"Респ Бурятия, г Гусиноозерск",51.2865048,106.5230319
"Респ Бурятия, г Закаменск",50.372713,103.286699
"Респ Бурятия, г Кяхта",50.346543,106.4533516
"Респ Бурятия, г Северобайкальск",55.635614,109.3361505
г Улан-Удэ,51.8335853,107.5842223
"Владимирская обл, г Александров",56.391819,38.7111123
г Владимир,56.1280804,40.4084376
"Владимирская обл, г Вязники",56.29773,42.2687398
"Владимирская обл, г Гороховец",56.2021036,42.6926111
"Владимирская обл, г Гусь-Хрустальный",55.6198751,40.6579929
"Владимирская обл, г Камешково",56.3490152,40.9955183
"Владимирская обл, Александровский р-н, г Карабаново",56.3131822,38.7034257
"Владимирская обл, г Киржач",56.1486863,38.8635701
"Владимирская обл, г Ковров",56.3554349,41.3170576
"Владимирская обл, г Кольчугино",56.3327254,39.391336
"Владимирская обл, Петушинский р-н, г Костерево",55.9337222,39.6247398
"Владимирская обл, Гусь-Хрустальный р-н, г Курлово",55.452698,40.6124108
"Владимирская обл, Собинский р-н, г Лакинск",56.0180587,39.956551
"Владимирская обл, г Меленки",55.3387515,41.6340046
"Владимирская обл, г Муром",55.5630311,42.0231362
"Владимирская обл, г Петушки",55.9298134,39.4508075
"Владимирская обл, Петушинский р-н, г Покров",55.9166398,39.1734526
"Владимирская обл, г Радужный",55.9960277,40.3321855
"Владимирская обл, г Собинка",55.9939169,40.0179653
"Владимирская обл, Александровский р-н, г Струнино",56.3749967,38.5839667
"Владимирская обл, г Судогда",55.9498056,40.8562939
"Владимирская обл, г Суздаль",56.4274441,40.4525692
"Владимирская обл, г Юрьев-Польский",56.4937757,39.6680539
г Волгоград,48.7070042,44.5170339
"Волгоградская обл, г Волжский",48.7978209,44.7462538
"Волгоградская обл, г Дубовка",49.0554742,44.8270085
"Волгоградская обл, г Жирновск",50.9768814,44.7858202
"Волгоградская обл, г Калач-на-Дону",48.6889024,43.5306303
"Волгоградская обл, г Камышин",50.0651529,45.3844202
"Волгоградская обл, г Котельниково",47.6310259,43.1330872
"Волгоградская обл, г Котово",50.3205766,44.8030699
"Волгоградская обл, Среднеахтубинский р-н, г Краснослободск",48.7068721,44.5630857
"Волгоградская обл, г Ленинск",48.6936061,45.1992692
"Волгоградская обл, г Михайловка",50.0708719,43.2401512
"Волгоградская обл, г Николаевск",50.0165306,45.4731658
"Волгоградская обл, г Новоаннинский",50.5296067,42.6666439
"Волгоградская обл, г Палласовка",50.0500944,46.8804277
"Волгоградская обл, Камышинский р-н, г Петров Вал",50.1380557,45.20914
"Волгоградская обл, г Серафимович",49.5663183,42.7360402
"Волгоградская обл, г Суровикино",48.618917,42.8541163
"Волгоградская обл, г Урюпинск",50.7903789,42.0288513
"Волгоградская обл, г Фролово",49.7649148,43.6648641
"Вологодская обл, г Бабаево",59.3892583,35.9377058
"Вологодская обл, г Белозерск",60.0308381,37.7890586
"Вологодская обл, г Великий Устюг",60.7603913,46.3054414
г Вологда,59.2483905,39.8355662
"Вологодская обл, г Вытегра",61.0063465,36.4495137
"Вологодская обл, г Грязовец",58.8757553,40.2485362
"Вологодская обл, Сокольский р-н, г Кадников",59.5037764,40.3441148
"Вологодская обл, г Кириллов",59.8591523,38.3748782
"Вологодская обл, Великоустюгский р-н, г Красавино",60.9612823,46.4814116
"Вологодская обл, г Никольск",59.5351837,45.4576137
"Вологодская обл, г Сокол",59.4758605,40.1114187
"Вологодская обл, г Тотьма",59.9734998,42.7589506
"Вологодская обл, г Устюжна",58.8383117,36.4425478
"Вологодская обл, г Харовск",59.9479423,40.2000298
"Вологодская обл, г Череповец",59.1269212,37.9090497
"Воронежская обл, г Бобров",51.0901649,40.0318256
"Воронежская обл, г Богучар",49.9352454,40.5590801
"Воронежская обл, г Борисоглебск",51.3655754,42.1008334
"Воронежская обл, г Бутурлиновка",50.8311818,40.5976923
г Воронеж,51.6593332,39.1969229
"Воронежская обл, г Калач",50.4242134,41.0162014
"Воронежская обл, г Лиски",50.9945626,39.5184909
"Воронежская обл, г Нововоронеж",51.3091524,39.2162843
"Воронежская обл, г Новохоперск",51.0952211,41.6173404
"Воронежская обл, г Острогожск",50.8677905,39.0407746
"Воронежская обл, г Павловск",50.453455,40.136874
"Воронежская обл, г Поворино",51.1954419,42.2472726
"Воронежская обл, г Россошь",50.1701949,39.6226965
"Воронежская обл, г Семилуки",51.6951644,39.0190454
"Воронежская обл, г Эртиль",51.830932,40.8074182
"Респ Дагестан, г Буйнакск",42.8214424,47.1165263
"Респ Дагестан, г Дагестанские Огни",42.1152296,48.1939354
"Респ Дагестан, г Дербент",42.058966,48.2907452
"Респ Дагестан, г Избербаш",42.5650962,47.8710051
"Респ Дагестан, г Каспийск",42.8916007,47.6367066
"Респ Дагестан, г Кизилюрт",43.203825,46.8729636
"Респ Дагестан, г Кизляр",43.8484083,46.7233699
г Махачкала,42.9849159,47.5047181
"Респ Дагестан, г Хасавюрт",43.2504665,46.5851292
"Респ Дагестан, г Южно-Сухокумск",44.6602467,45.6499523
г Биробиджан,48.7946446,132.9217207
"Еврейская Аобл, г Облучье",49.0189345,131.0540102
"Забайкальский край, г Балей",51.5823759,116.6379549
"Забайкальский край, г Борзя",50.3876058,116.5234779
"Забайкальский край, г Краснокаменск",50.0929703,118.0323936
"Забайкальский край, г Могоча",53.7361398,119.7660867
"Забайкальский край, г Нерчинск",51.9594977,116.5852383
"Забайкальский край, г Петровск-Забайкальский",51.2748592,108.846681
"Забайкальский край, г Сретенск",52.2461454,117.7117842
"Забайкальский край, г Хилок",51.3634856,110.4590898
г Чита,52.0340142,113.4994
"Забайкальский край, г Шилка",51.8497035,116.0334461
"Ивановская обл, г Вичуга",57.2044698,41.9132201
"Ивановская обл, г Гаврилов Посад",56.5586946,40.1228906
"Ивановская обл, г Заволжск",57.4918141,42.1375625
г Иваново,56.9993792,40.9728272
"Ивановская обл, г Кинешма",57.4425463,42.168914
"Ивановская обл, г Комсомольск",57.0273052,40.3776851
"Ивановская обл, г Кохма",56.9324606,41.0931657
"Ивановская обл, Кинешемский р-н, г Наволоки",57.4679066,41.9608002
"Ивановская обл, Приволжский р-н, г Плес",57.4606031,41.5122672
"Ивановская обл, г Приволжск",57.3805743,41.2808565
"Ивановская обл, г Пучеж",56.9820688,43.1683321
"Ивановская обл, г Родники",57.1025975,41.7298834
"Ивановская обл, г Тейково",56.8542719,40.5353874
"Ивановская обл, г Фурманов",57.2539276,41.1054432
"Ивановская обл, г Шуя",56.8560234,41.3800939
"Ивановская обл, г Южа",56.5926877,42.0458099
"Ивановская обл, г Юрьевец",57.3177781,43.1110401
"Респ Ингушетия, г Карабулак",43.3055248,44.9094582
г Магас,43.1688611,44.8131207
"Респ Ингушетия, г Малгобек",43.5096646,44.5901963
"Респ Ингушетия, г Назрань",43.2257841,44.7645779
"Респ Ингушетия, г Сунжа",43.3204196,45.0476331
"Иркутская обл, Нижнеудинский р-н, г Алзамай",55.5551233,98.6643699
"Иркутская обл, г Ангарск",52.544879,103.888543
"Иркутская обл, Слюдянский р-н, г Байкальск",51.5230393,104.1487532
"Иркутская обл, Тайшетский р-н, г Бирюсинск",55.9609167,97.8205348
"Иркутская обл, г Бодайбо",57.8468636,114.1866287
"Иркутская обл, г Братск",56.1513108,101.6340035
"Иркутская обл, Братский р-н, г Вихоревка",56.1208145,101.1702926
"Иркутская обл, г Железногорск-Илимский",56.5847888,104.114275
"Иркутская обл, г Зима",53.920693,102.0491772
г Иркутск,52.2864036,104.2807466
"Иркутская обл, г Киренск",57.7756595,108.1109412
"Иркутская обл, г Нижнеудинск",54.8968931,99.0314056
"Иркутская обл, г Саянск",54.1107238,102.18015
"Иркутская обл, г Свирск",53.0842668,103.3364093
"Иркутская обл, г Слюдянка",51.6563983,103.7187545
"Иркутская обл, г Тайшет",55.9405334,98.0030145
"Иркутская обл, г Тулун",54.557162,100.5780603
"Иркутская обл, г Усолье-Сибирское",52.7565808,103.6388109
"Иркутская обл, г Усть-Илимск",57.9430504,102.7415734
"Иркутская обл, г Усть-Кут",56.7928178,105.7757343
"Иркутская обл, г Черемхово",53.1369095,103.0901268
"Иркутская обл, г Шелехов",52.2102538,104.0973294
"Респ Кабардино-Балкарская, г Баксан",43.6819137,43.5345036
"Респ Кабардино-Балкарская, г Майский",43.6281516,44.0517314
г Нальчик,43.4845464,43.60713
"Респ Кабардино-Балкарская, г Нарткала",43.5578075,43.8575925
"Респ Кабардино-Балкарская, г Прохладный",43.7589602,44.0102409
"Респ Кабардино-Балкарская, г Терек",43.4839358,44.1402161
"Респ Кабардино-Балкарская, г Тырныауз",43.3981585,42.9213582
"Респ Кабардино-Балкарская, г Чегем",43.5671525,43.5865792
"Калининградская обл, г Багратионовск",54.3866518,20.6418091
"Калининградская обл, г Балтийск",54.6513372,19.9140572
"Калининградская обл, г Гвардейск",54.6588378,21.0501388
"Калининградская обл, г Гурьевск",54.770638,20.6039767
"Калининградская обл, г Гусев",54.5915455,22.1942445
"Калининградская обл, г Зеленоградск",54.9600185,20.4753652
г Калининград,54.7074702,20.5073241
"Калининградская обл, г Краснознаменск",54.9453423,22.4928745
"Калининградская обл, г Ладушкин",54.5692156,20.1690153
"Калининградская обл, г Мамоново",54.4646036,19.9453482
"Калининградская обл, г Неман",55.0316524,22.0324064
"Калининградская обл, г Нестеров",54.6313814,22.5713736
"Калининградская обл, г Озерск",54.4084705,22.0134438
"Калининградская обл, г Пионерский",54.9516574,20.2277424
"Калининградская обл, г Полесск",54.8625126,21.0998067
"Калининградская обл, г Правдинск",54.4430986,21.0085269
"Калининградская обл, Балтийский р-н, г Приморск",54.7311437,19.9981926
"Калининградская обл, г Светлогорск",54.9439286,20.1514295
"Калининградская обл, г Светлый",54.6772897,20.1357595
"Калининградская обл, г Славск",55.0449714,21.6742367
"Калининградская обл, г Советск",55.0809336,21.8886106
"Калининградская обл, г Черняховск",54.6244751,21.7969062
"Респ Калмыкия, г Городовиковск",46.0875083,41.935537
"Респ Калмыкия, г Лагань",45.3930912,47.3432602
г Элиста,46.3083344,44.2702088
"Калужская обл, Боровский р-н, г Балабаново",55.1773714,36.6566951
"Калужская обл, Жуковский р-н, г Белоусово",55.0956803,36.677629
"Калужская обл, г Боровск",55.2130096,36.4926251
"Калужская обл, Боровский р-н, г Ермолино",55.1971758,36.5952722
"Калужская обл, г Жиздра",53.7521926,34.7386592
"Калужская обл, г Жуков",55.0301833,36.7394903
г Калуга,54.5059848,36.2516245
"Калужская обл, г Киров",54.0790111,34.3076201
"Калужская обл, г Козельск",54.0347201,35.780768
"Калужская обл, г Кондрово",54.7959473,35.9274842
"Калужская обл, Жуковский р-н, г Кременки",54.8862447,37.1168701
"Калужская обл, г Людиново",53.8700828,34.4385915
"Калужская обл, г Малоярославец",55.0177123,36.4633603
"Калужская обл, г Медынь",54.9689785,35.8872168
"Калужская обл, г Мещовск",54.3191471,35.2816918
"Калужская обл, г Мосальск",54.4824939,34.9872239
"Калужская обл, г Обнинск",55.0943144,36.6121639
"Калужская обл, Козельский р-н, г Сосенский",54.0566016,35.9621646
"Калужская обл, г Спас-Деменск",54.409922,34.0189631
"Калужская обл, г Сухиничи",54.097296,35.3443568
"Калужская обл, Тарусский р-н, г Таруса",54.7236477,37.1671
"Калужская обл, г Юхнов",54.7446445,35.2424346
"Камчатский край, г Вилючинск",52.9302415,158.4057632
"Камчатский край, г Елизово",53.1830375,158.3883548
г Петропавловск-Камчатский,53.036908,158.6559254
"Респ Карачаево-Черкесская, г Карачаевск",43.7732525,41.9143472
"Респ Карачаево-Черкесская, г Теберда",43.4437731,41.7415142
"Респ Карачаево-Черкесская, г Усть-Джегута",44.0838442,41.9711046
г Черкесск,44.2269425,42.0466704
"Респ Карелия, г Беломорск",64.5378417,34.7799462
"Респ Карелия, Кемский р-н, г Кемь",64.9543539,34.5949263
"Респ Карелия, г Кондопога",62.2059817,34.2682122
"Респ Карелия, г Костомукша",64.5889398,30.6016832
"Респ Карелия, г Лахденпохья",61.518881,30.1996116
"Респ Карелия, г Медвежьегорск",62.9127626,34.4568489
"Респ Карелия, г Олонец",60.9794025,32.9725519
г Петрозаводск,61.7891264,34.3596434
"Респ Карелия, г Питкяранта",61.5757191,31.4640557
"Респ Карелия, г Пудож",61.8058821,36.5329941
"Респ Карелия, г Сегежа",63.7437572,34.3126982
"Респ Карелия, г Сортавала",61.703367,30.6916998
"Респ Карелия, г Суоярви",62.0787293,32.3499386
"Кемеровская область - Кузбасс, г Анжеро-Судженск",56.0786281,86.0201278
"Кемеровская область - Кузбасс, г Белово",54.4220968,86.3037373
"Кемеровская область - Кузбасс, г Березовский",55.6693513,86.2744459
"Кемеровская область - Кузбасс, г Гурьевск",54.2859263,85.9475985
"Кемеровская область - Кузбасс, г Калтан",53.5210919,87.2771636
г Кемерово,55.3910651,86.0467781
"Кемеровская область - Кузбасс, г Киселевск",54.0059999,86.6366116
"Кемеровская область - Кузбасс, г Ленинск-Кузнецкий",54.6674492,86.1797324
"Кемеровская область - Кузбасс, г Мариинск",56.2127383,87.7454924
"Кемеровская область - Кузбасс, г Междуреченск",53.6865289,88.0702754
"Кемеровская область - Кузбасс, г Мыски",53.7125695,87.8055646
"Кемеровская область - Кузбасс, г Новокузнецк",53.794315,87.2142745
"Кемеровская область - Кузбасс, г Осинники",53.5988055,87.3371272
"Кемеровская область - Кузбасс, г Полысаево",54.6055,86.2809208
"Кемеровская область - Кузбасс, г Прокопьевск",53.8604265,86.7183577
"Кемеровская область - Кузбасс, Гурьевский р-н, г Салаир",54.2351735,85.8030733
"Кемеровская область - Кузбасс, г Тайга",56.0622131,85.6207182
"Кемеровская область - Кузбасс, г Таштагол",52.759313,87.8476546
"Кемеровская область - Кузбасс, г Топки",55.2764707,85.6152619
"Кемеровская область - Кузбасс, г Юрга",55.7202694,84.8886399
"Кировская обл, г Белая Холуница",58.8415239,50.8460699
"Кировская обл, г Вятские Поляны",56.2284817,51.0614855
"Кировская обл, г Зуевка",58.4032152,51.1331606
г Киров,58.6035264,49.6679304
"Кировская обл, г Кирово-Чепецк",58.5559424,50.0316848
"Кировская обл, г Кирс",59.340056,52.2414437
"Кировская обл, г Котельнич",58.3034832,48.3475597
"Кировская обл, г Луза",60.6290609,47.2612445
"Кировская обл, г Малмыж",56.5243844,50.6782739
"Кировская обл, г Мураши",59.3955383,48.9638417
"Кировская обл, г Нолинск",57.5597284,49.93575
"Кировская обл, г Омутнинск",58.6698913,52.1894564
"Кировская обл, г Орлов",58.5389776,48.8927723
"Кировская обл, г Слободской",58.7311574,50.1669249
"Кировская обл, г Советск",57.584196,48.9590272
"Кировская обл, Вятскополянский р-н, г Сосновка",56.2532741,51.2833642
"Кировская обл, г Уржум",57.1097477,50.0058097
"Кировская обл, г Яранск",57.3040326,47.8478737
"Респ Коми, г Воркута",67.4974082,64.061034
"Респ Коми, г Вуктыл",63.8615274,57.3165402
"Респ Коми, г Емва",62.5965137,50.8732125
"Респ Коми, г Инта",66.0367316,60.1152961
"Респ Коми, Усть-Вымский р-н, г Микунь",62.3579068,50.0719503
"Респ Коми, г Печора",65.148584,57.2239777
"Респ Коми, г Сосногорск",63.5989841,53.876293
г Сыктывкар,61.6686617,50.8358151
"Респ Коми, г Усинск",65.994147,57.5569423
"Респ Коми, г Ухта",63.5565514,53.7014239
"Костромская обл, г Буй",58.4733277,41.5306822
"Костромская обл, г Волгореченск",57.4424559,41.1594201
"Костромская обл, г Галич",58.3828191,42.3654013
"Костромская обл, г Кологрив",58.8269323,44.3184927
г Кострома,57.768,40.927
"Костромская обл, г Макарьев",57.8807152,43.8014197
"Костромская обл, г Мантурово",58.3265441,44.757494
"Костромская обл, г Нерехта",57.4543369,40.5723598
"Костромская обл, г Нея",58.2943349,43.8780948
"Костромская обл, г Солигалич",59.0784867,42.2878423
"Костромская обл, г Чухлома",58.753421,42.6884958
"Костромская обл, г Шарья",58.3760542,45.4062414
"Краснодарский край, г Абинск",44.8679655,38.1618157
"Краснодарский край, г Анапа",44.8950433,37.3163282
"Краснодарский край, г Апшеронск",44.4584006,39.7299824
"Краснодарский край, г Армавир",45.0012149,41.1324168
"Краснодарский край, г Белореченск",44.7651876,39.8781494
"Краснодарский край, г Геленджик",44.5630007,38.0790852
"Краснодарский край, г Горячий Ключ",44.6344864,39.1354738
"Краснодарский край, г Гулькевичи",45.3605121,40.6918389
"Краснодарский край, г Ейск",46.71157,38.2763895
"Краснодарский край, г Кореновск",45.4641703,39.458949
г Краснодар,45.0401604,38.9759647
"Краснодарский край, Кавказский р-н, г Кропоткин",45.4333007,40.5727951
"Краснодарский край, г Крымск",44.9344404,37.9855795
"Краснодарский край, г Курганинск",44.8877025,40.5913245
"Краснодарский край, г Лабинск",44.6354363,40.7245341
"Краснодарский край, г Новокубанск",45.1038699,41.0475175
"Краснодарский край, г Новороссийск",44.7235026,37.7686135
"Краснодарский край, г Приморско-Ахтарск",46.0515432,38.1704875
"Краснодарский край, г Славянск-на-Кубани",45.2603626,38.1259774
"Краснодарский край, г Сочи",43.5854551,39.7231548
"Краснодарский край, г Темрюк",45.2610949,37.4454412
"Краснодарский край, г Тимашевск",45.615923,38.9351837
"Краснодарский край, г Тихорецк",45.8546345,40.1260267
"Краснодарский край, г Туапсе",44.1105335,39.0824904
"Краснодарский край, г Усть-Лабинск",45.2227359,39.6929577
"Краснодарский край, Апшеронский р-н, г Хадыженск",44.4122963,39.5320258
"Красноярский край, Курагинский р-н, г Артемовск",54.3473075,93.4358377
"Красноярский край, г Ачинск",56.253907,90.4794397
"Красноярский край, г Боготол",56.2098468,89.5299336
"Красноярский край, г Бородино",55.9054121,94.9020967
"Красноярский край, г Дивногорск",55.9576784,92.3800687
"Красноярский край, г Дудинка",69.4031364,86.1907218
"Красноярский край, г Енисейск",58.4485261,92.1651083
"Красноярский край, г Железногорск",56.2529035,93.532273
"Красноярский край, Рыбинский р-н, г Заозерный",55.9617752,94.7091491
"Красноярский край, г Зеленогорск",56.1131564,94.5888103
"Красноярский край, Туруханский р-н, г Игарка",67.4666901,86.5812794
"Красноярский край, г Иланский",56.2374037,96.067267
"Красноярский край, г Канск",56.2051282,95.7051096
"Красноярский край, г Кодинск",58.6032644,99.1797962
г Красноярск,56.0093879,92.8524806
"Красноярский край, г Лесосибирск",58.221681,92.5037872
"Красноярский край, г Минусинск",53.7104586,91.6872907
"Красноярский край, г Назарово",56.0113799,90.4168775
"Красноярский край, г Норильск",69.3489978,88.2009846
"Красноярский край, г Сосновоборск",56.1202647,93.3354121
"Красноярский край, г Ужур",55.3141969,89.8333918
"Красноярский край, г Уяр",55.8131263,94.3282601
"Красноярский край, г Шарыпово",55.5389739,89.1801044
"Респ Крым, г Ялта, г Алупка",44.4164605,34.0444797
"Респ Крым, г Алушта",44.6764304,34.4100624
"Респ Крым, г Армянск",46.1059307,33.6910012
"Респ Крым, Бахчисарайский р-н, г Бахчисарай",44.7514769,33.8752176
"Респ Крым, Белогорский р-н, г Белогорск",45.057202,34.5999029
"Респ Крым, г Джанкой",45.7092306,34.3883372
"Респ Крым, г Евпатория",45.190629,33.367634
"Респ Крым, г Керчь",45.3562627,36.4674513
"Респ Крым, г Красноперекопск",45.9537576,33.7921939
"Респ Крым, г Саки",45.1341997,33.6033383
"Респ Крым, г Симферополь",44.9482948,34.1001151
"Респ Крым, Кировский р-н, г Старый Крым",45.029058,35.0901474
"Респ Крым, г Судак",44.8504679,34.9762034
"Респ Крым, г Феодосия",45.0318393,35.3824259
"Респ Крым, Ленинский р-н, г Щелкино",45.4288991,35.825165
"Респ Крым, г Ялта",44.4953612,34.166308
"Курганская обл, г Далматово",56.262114,62.9387011
"Курганская обл, г Катайск",56.290809,62.5800359
г Курган,55.4443883,65.3161963
"Курганская обл, г Куртамыш",54.9368539,64.4203722
"Курганская обл, г Макушино",55.2153947,67.2451705
"Курганская обл, г Петухово",55.0650077,67.8873408
"Курганская обл, г Шадринск",56.0870344,63.6297182
"Курганская обл, г Шумиха",55.2280246,63.2901272
"Курганская обл, г Щучье",55.2087637,62.7478548
"Курская обл, Дмитриевский р-н, г Дмитриев",52.1268464,35.0739038
"Курская обл, г Железногорск",52.3380202,35.3516867
г Курск,51.7303637,36.1925603
"Курская обл, г Курчатов",51.6604083,35.6572224
"Курская обл, г Льгов",51.6597148,35.2612491
"Курская обл, г Обоянь",51.2119324,36.2755133
"Курская обл, г Рыльск",51.5681314,34.6802597
"Курская обл, г Суджа",51.1918927,35.2720915
"Курская обл, г Фатеж",52.0917728,35.8538706
"Курская обл, г Щигры",51.8786014,36.8910945
"Ленинградская обл, г Бокситогорск",59.4734797,33.845688
"Ленинградская обл, г Волосово",59.4445408,29.4923355
"Ленинградская обл, г Волхов",59.9005958,32.3520756
"Ленинградская обл, г Всеволожск",60.0191278,30.6456718
"Ленинградская обл, г Выборг",60.7130801,28.7328336
"Ленинградская обл, Выборгский р-н, г Высоцк",60.6296236,28.5709314
"Ленинградская обл, г Гатчина",59.565237,30.1282473
"Ленинградская обл, Кингисеппский р-н, г Ивангород",59.3766119,28.2231659
"Ленинградская обл, Выборгский р-н, г Каменногорск",60.950855,29.1308372
"Ленинградская обл, г Кингисепп",59.3740435,28.6112444
"Ленинградская обл, г Кириши",59.4742862,32.0624947
"Ленинградская обл, г Кировск",59.8754216,30.981364
"Ленинградская обл, Гатчинский р-н, г Коммунар",59.6215133,30.3934125
"Ленинградская обл, Всеволожский р-н, г Кудрово",59.9075226,30.5121008
"Ленинградская обл, г Лодейное Поле",60.7320936,33.5521022
"Ленинградская обл, г Луга",58.7374031,29.8465776
"Ленинградская обл, Тосненский р-н, г Любань",59.3493847,31.2484801
"Ленинградская обл, Всеволожский р-н, г Мурино",60.044862,30.4571456
"Ленинградская обл, Тосненский р-н, г Никольское",59.7043309,30.7874571
"Ленинградская обл, Волховский р-н, г Новая Ладога",60.1100135,32.3141203
"Ленинградская обл, Кировский р-н, г Отрадное",59.7726848,30.7988557
"Ленинградская обл, Бокситогорский р-н, г Пикалево",59.5132022,34.1772776
"Ленинградская обл, г Подпорожье",60.9127549,34.1567664
"Ленинградская обл, Выборгский р-н, г Приморск",60.3660209,28.6135772
"Ленинградская обл, г Приозерск",61.0330896,30.1587851
"Ленинградская обл, Выборгский р-н, г Светогорск",61.1111282,28.8725865
"Ленинградская обл, Всеволожский р-н, г Сертолово",60.1446932,30.2095918
"Ленинградская обл, г Сланцы",59.1178185,28.0881475
"Ленинградская обл, г Сосновый Бор",59.8772884,29.1291619
"Ленинградская обл, Волховский р-н, г Сясьстрой",60.1401739,32.5601559
"Ленинградская обл, г Тихвин",59.6272904,33.5072731
"Ленинградская обл, г Тосно",59.5407098,30.877812
"Ленинградская обл, Кировский р-н, г Шлиссельбург",59.9443714,31.0333365
"Липецкая обл, г Грязи",52.4874097,39.9331142
"Липецкая обл, г Данков",53.2577411,39.1456184
"Липецкая обл, г Елец",52.6152411,38.5289342
"Липецкая обл, г Задонск",52.4004179,38.9205032
"Липецкая обл, г Лебедянь",53.0156117,39.143536
г Липецк,52.610249,39.5947883
"Липецкая обл, г Усмань",52.0442648,39.726401
"Липецкая обл, г Чаплыгин",53.24048,39.9670973
г Магадан,59.5681332,150.8084956
"Магаданская обл, г Сусуман",62.7805882,148.1540281
"Респ Марий Эл, г Волжск",55.8623156,48.3715083
"Респ Марий Эл, г Звенигово",55.9738571,48.0170245
г Йошкар-Ола,56.6343662,47.8999706
"Респ Марий Эл, г Козьмодемьянск",56.3334036,46.546675
"Респ Мордовия, г Ардатов",54.8465544,46.2411232
"Респ Мордовия, г Инсар",53.8770022,44.3696566
"Респ Мордовия, г Ковылкино",54.0391072,43.9191539
"Респ Мордовия, г Краснослободск",54.4248207,43.7845011
"Респ Мордовия, г Рузаевка",54.0581967,44.9490466
г Саранск,54.1809332,45.1862632
"Респ Мордовия, г Темников",54.6310583,43.2161099
г Москва,55.7540471,37.620405
"Московская обл, г Наро-Фоминск, г Апрелевка",55.5276918,37.065143
"Московская обл, г Балашиха",55.796389,37.938283
"Московская обл, г Воскресенск, г Белоозёрский",55.4595766,38.4389742
"Московская обл, г Бронницы",55.4255379,38.264145
"Московская обл, г Наро-Фоминск, г Верея",55.343369,36.185694
"Московская обл, г Видное",55.551725,37.7061984
"Московская обл, г Волоколамск",56.0356499,35.9585112
"Московская обл, г Воскресенск",55.3071519,38.7027953
"Московская обл, г Клин, г Высоковск",56.3359513,36.5251837
"Московская обл, г Одинцово, г Голицыно",55.6190582,36.9856793
"Московская обл, г Истра, г Дедовск",55.8703276,37.1245043
"Московская обл, г Дзержинский",55.6240869,37.8440276
"Московская обл, г Дмитров",56.3477457,37.526672
"Московская обл, г Долгопрудный",55.9385999,37.5101021
"Московская обл, г Домодедово",55.4363283,37.7664984
"Московская обл, г Орехово-Зуево, г Дрезна",55.7443143,38.8498479
"Московская обл, г Дубна",56.741786,37.1757223
"Московская обл, г Егорьевск",55.3830113,39.0358317
"Московская обл, г Жуковский",55.599803,38.1224298
"Московская обл, г Зарайск",54.762456,38.8850978
"Московская обл, г Одинцово, г Звенигород",55.7297089,36.8554029
"Московская обл, г Ивантеевка",55.9741665,37.9207539
"Московская обл, г Истра",55.9062267,36.8601454
"Московская обл, г Кашира",54.853337,38.1904392
"Московская обл, г Клин",56.3425605,36.7240032
"Московская обл, г Коломна",55.102814,38.7531002
"Московская обл, г Королёв",55.9161773,37.8545415
"Московская обл, г Котельники",55.6597925,37.8631156
"Московская обл, г Красноармейск",56.105426,38.140838
"Московская обл, г Красногорск",55.8317203,37.3295266
"Московская обл, г Сергиев Посад, г Краснозаводск",56.4409979,38.2320307
"Московская обл, г Краснознаменск",55.5978959,37.0393709
"Московская обл, г Одинцово, г Кубинка",55.5754955,36.6951995
"Московская обл, г Орехово-Зуево, г Куровское",55.5792277,38.9207723
"Московская обл, г Орехово-Зуево, г Ликино-Дулёво",55.7078257,38.9578093
"Московская обл, г Лобня",56.0328881,37.4614035
"Московская обл, г Лосино-Петровский",55.8713214,38.200599
"Московская обл, г Луховицы",54.9652077,39.0260266
"Московская обл, г Лыткарино",55.5778163,37.9033507
"Московская обл, г Люберцы",55.676499,37.898125
"Московская обл, г Можайск",55.5069259,36.024043
"Московская обл, г Мытищи",55.9105782,37.7363579
"Московская обл, г Наро-Фоминск",55.386185,36.734484
"Московская обл, г Ногинск",55.8686133,38.4622104
"Московская обл, г Одинцово",55.6789455,37.263686
"Московская обл, г Озёры",54.8541006,38.5599196
"Московская обл, г Орехово-Зуево",55.8151421,38.9869822
"Московская обл, г Павловский Посад",55.7807244,38.6596983
"Московская обл, г Сергиев Посад, г Пересвет",56.4158326,38.1733534
"Московская обл, г Подольск",55.4389322,37.5703482
"Московская обл, г Протвино",54.8705984,37.2182749
"Московская обл, г Пушкино",56.0103638,37.8471403
"Московская обл, г Пущино",54.8324412,37.6210346
"Московская обл, г Раменское",55.5495132,38.2728914
"Московская обл, г Реутов",55.7582621,37.8618553
"Московская обл, г Шатура, г Рошаль",55.6632776,39.8656147
"Московская обл, г Руза",55.7014744,36.1959206
"Московская обл, г Сергиев Посад",56.3062548,38.1502661
"Московская обл, г Серпухов",54.9226466,37.4033859
"Московская обл, г Солнечногорск",56.185102,36.977631
"Московская обл, г Ногинск, г Старая Купавна",55.810648,38.175624
"Московская обл, г Ступино",54.886274,38.078228
"Московская обл, г Талдом",56.7308564,37.5276003
"Московская обл, г Фрязино",55.9590588,38.0410235
"Московская обл, г Химки",55.888657,37.4303702
"Московская обл, г Сергиев Посад, г Хотьково",56.2516982,37.9396017
"Московская обл, г Черноголовка",56.010005,38.379245
"Московская обл, г Чехов",55.1508011,37.4533252
"Московская обл, г Шатура",55.5777427,39.5445712
"Московская обл, г Щёлково",55.9233801,37.9783707
"Московская обл, г Электрогорск",55.8780241,38.7806752
"Московская обл, г Электросталь",55.7847291,38.4447045
"Московская обл, г Ногинск, г Электроугли",55.7170877,38.2192563
"Московская обл, г Дмитров, г Яхрома",56.2890516,37.4831799
"Мурманская обл, г Апатиты",67.5677761,33.4067929
"Мурманская обл, г Гаджиево",69.2491311,33.315341
"Мурманская обл, г Заозерск",69.4003584,32.4501496
"Мурманская обл, Печенгский р-н, г Заполярный",69.4132852,30.7984312
"Мурманская обл, г Кандалакша",67.1567974,32.4143218
"Мурманская обл, г Кировск",67.6150424,33.663735
"Мурманская обл, г Ковдор",67.5661417,30.4741941
"Мурманская обл, г Кола",68.8786028,33.0262299
"Мурманская обл, г Мончегорск",67.9386153,32.9359719
г Мурманск,69.007721,33.0685865
"Мурманская обл, г Оленегорск",68.1422058,33.2669407
"Мурманская обл, г Островной",68.0510344,39.5077846
"Мурманская обл, г Полярные Зори",67.373084,32.4975636
"Мурманская обл, г Полярный",69.1989583,33.4508591
"Мурманская обл, г Североморск",69.0766801,33.4177759
"Мурманская обл, г Снежногорск",69.1921409,33.2383502
г Нарьян-Мар,67.6379672,53.0069565
"Нижегородская обл, г Арзамас",55.3945814,43.8408141
"Нижегородская обл, г Балахна",56.495036,43.5758423
"Нижегородская обл, г Богородск",56.1020828,43.5135442
"Нижегородская обл, г Бор",56.3565458,44.0646481
"Нижегородская обл, г Ветлуга",57.8559204,45.7761957
"Нижегородская обл, г Володарск",56.2169751,43.1596417
"Нижегородская обл, Павловский р-н, г Ворсма",55.989943,43.2718859
"Нижегородская обл, г Выкса",55.3207727,42.1678834
"Нижегородская обл, Павловский р-н, г Горбатов",56.1307769,43.0626185
"Нижегородская обл, г Городец",56.6449218,43.4723104
"Нижегородская обл, г Дзержинск",56.2376047,43.4599416
"Нижегородская обл, Городецкий р-н, г Заволжье",56.6404286,43.3872492
"Нижегородская обл, г Княгинино",55.8205915,45.032337
"Нижегородская обл, г Кстово",56.1432084,44.1664198
"Нижегородская обл, г Кулебаки",55.4296181,42.5125538
"Нижегородская обл, г Лукоянов",55.0326225,44.4933807
"Нижегородская обл, г Лысково",56.0262359,45.035771
"Нижегородская обл, г Навашино",55.543811,42.1887089
г Нижний Новгород,56.3240627,44.0053913
"Нижегородская обл, г Павлово",55.9797564,43.0995042
"Нижегородская обл, г Первомайск",54.8675792,43.8013992
"Нижегородская обл, г Перевоз",55.5967718,44.5448369
"Нижегородская обл, г Саров",54.9228268,43.3448089
"Нижегородская обл, г Семенов",56.7889794,44.4902885
"Нижегородская обл, г Сергач",55.5201515,45.4813231
"Нижегородская обл, г Урень",57.4612572,45.7833293
"Нижегородская обл, г Чкаловск",56.7651262,43.242077
"Нижегородская обл, г Шахунья",57.6764293,46.6129009
"Новгородская обл, г Боровичи",58.3840197,33.9175929
"Новгородская обл, г Валдай",57.9823766,33.2369436
г Великий Новгород,58.5213846,31.2755394
"Новгородская обл, г Малая Вишера",58.8458379,32.2247401
"Новгородская обл, г Окуловка",58.3910296,33.2901557
"Новгородская обл, г Пестово",58.5973723,35.8143898
"Новгородская обл, г Сольцы",58.1201281,30.309351
"Новгородская обл, г Старая Русса",57.990737,31.3554897
"Новгородская обл, г Холм",57.145108,31.1787499
"Новгородская обл, г Чудово",59.1248394,31.6866241
"Новосибирская обл, Барабинский р-н, г Барабинск",55.35146,78.3464506
"Новосибирская обл, г Бердск",54.7582156,83.1070605
"Новосибирская обл, г Болотное",55.6692421,84.3906889
"Новосибирская обл, г Искитим",54.6267603,83.2951244
"Новосибирская обл, г Карасук",53.7343189,78.0422967
"Новосибирская обл, г Каргат",55.1945666,80.2829495
"Новосибирская обл, Куйбышевский р-н, г Куйбышев",55.4685094,78.3242048
"Новосибирская обл, г Купино",54.366055,77.2973368
г Новосибирск,55.028191,82.9211489
"Новосибирская обл, г Обь",54.9945576,82.6937181
"Новосибирская обл, Татарский р-н, г Татарск",55.2146167,75.9739914
"Новосибирская обл, г Тогучин",55.2251631,84.4104118
"Новосибирская обл, г Черепаново",54.2206476,83.3724521
"Новосибирская обл, г Чулым",55.0906867,80.9592508
"Омская обл, г Исилькуль",54.9096002,71.2816284
"Омская обл, г Калачинск",55.0598155,74.5653644
"Омская обл, г Называевск",55.5689323,71.3503426
г Омск,54.9848566,73.3674517
"Омская обл, г Тара",56.9160511,74.3649194
"Омская обл, г Тюкалинск",55.8703415,72.1954747
"Оренбургская обл, г Абдулино",53.6778906,53.6472483
"Оренбургская обл, г Бугуруслан",53.6523728,52.4326853
"Оренбургская обл, г Бузулук",52.7881277,52.2624877
"Оренбургская обл, г Гай",51.4649189,58.4436875
"Оренбургская обл, г Кувандык",51.4783857,57.3612636
"Оренбургская обл, г Медногорск",51.4037617,57.583163
"Оренбургская обл, г Новотроицк",51.1964202,58.3018192
г Оренбург,51.7875092,55.1018828
"Оренбургская обл, г Орск",51.2294282,58.4752777
"Оренбургская обл, г Соль-Илецк",51.1633736,54.9896726
"Оренбургская обл, г Сорочинск",52.426685,53.1542745
"Оренбургская обл, г Ясный",51.036838,59.874344
"Орловская обл, г Болхов",53.4438496,36.0076833
"Орловская обл, г Дмитровск",52.5054851,35.1415009
"Орловская обл, г Ливны",52.4284558,37.6039506
"Орловская обл, г Малоархангельск",52.4002192,36.5038579
"Орловская обл, г Мценск",53.2788438,36.5749105
"Орловская обл, г Новосиль",52.97454,37.0437146
г Орёл,52.9671298,36.0696427
"Пензенская обл, г Белинский",52.9640996,43.4183212
"Пензенская обл, г Городище",53.2726916,45.7026142
"Пензенская обл, г Заречный",53.1960836,45.1689907
"Пензенская обл, г Каменка",53.1855463,44.0469717
"Пензенская обл, г Кузнецк",53.1130888,46.605092
"Пензенская обл, г Нижний Ломов",53.5300905,43.6730217
"Пензенская обл, г Никольск",53.7137496,46.0799857
г Пенза,53.1753314,45.0348625
"Пензенская обл, г Сердобск",52.4697595,44.2122414
"Пензенская обл, г Спасск",53.9271974,43.1859073
"Пензенская обл, Городищенский р-н, г Сурск",53.0761357,45.6910796
"Пермский край, г Александровск",59.1613221,57.5763459
"Пермский край, г Березники",59.4079923,56.8039427
"Пермский край, г Верещагино",58.0797571,54.6581309
"Пермский край, г Горнозаводск",58.3742532,58.3231716
"Пермский край, г Гремячинск",58.5626082,57.8520572
"Пермский край, г Губаха",58.8371721,57.554533
"Пермский край, г Добрянка",58.469685,56.4130737
"Пермский край, г Кизел",59.0512783,57.6471028
"Пермский край, г Красновишерск",60.3901321,57.0535682
"Пермский край, г Краснокамск",58.0822065,55.7479936
"Пермский край, г Кудымкар",59.0167925,54.6572508
"Пермский край, г Кунгур",57.4283296,56.9438656
"Пермский край, г Лысьва",58.0995875,57.8086825
"Пермский край, г Нытва",57.9336725,55.3356084
"Пермский край, г Оса",57.2889515,55.4688668
"Пермский край, г Оханск",57.7180034,55.3872469
"Пермский край, г Очер",57.8852686,54.7161091
г Пермь,58.0102583,56.2342034
"Пермский край, г Соликамск",59.6482998,56.771009
"Пермский край, г Усолье",59.4277573,56.6837872
"Пермский край, г Чайковский",56.7781501,54.1477965
"Пермский край, г Чердынь",60.4011933,56.4799933
"Пермский край, Ильинский р-н, г Чермоз",58.7842834,56.1507138
"Пермский край, г Чернушка",56.5160768,56.0763049
"Пермский край, г Чусовой",58.2974596,57.8193615
"Приморский край, г Арсеньев",44.1622031,133.2696209
"Приморский край, г Артем",43.3501675,132.1596175
"Приморский край, г Большой Камень",43.1111742,132.3480082
г Владивосток,43.1164904,131.8823937
"Приморский край, г Дальнегорск",44.5539457,135.5662716
"Приморский край, г Дальнереченск",45.9308483,133.7316907
"Приморский край, г Лесозаводск",45.4780092,133.4186199
"Приморский край, г Находка",42.8239372,132.8927361
"Приморский край, г Партизанск",43.1280578,133.1264567
"Приморский край, г Спасск-Дальний",44.5901175,132.8157288
"Приморский край, г Уссурийск",43.7971818,131.9518229
"Приморский край, г Фокино",42.9706317,132.4110196
"Псковская обл, г Великие Луки",56.332208,30.5508641
"Псковская обл, г Гдов",58.7432429,27.8264809
"Псковская обл, г Дно",57.826974,29.9629389
"Псковская обл, г Невель",56.0201973,29.9239983
"Псковская обл, г Новоржев",57.029807,29.3433083
"Псковская обл, г Новосокольники",56.3408431,30.1527573
"Псковская обл, г Опочка",56.710725,28.6717519
"Псковская обл, г Остров",57.3451528,28.3437593
"Псковская обл, г Печоры",57.8145817,27.622259
"Псковская обл, г Порхов",57.7765219,29.5436626
г Псков,57.8194415,28.3317198
"Псковская обл, г Пустошка",56.3374813,29.3668055
"Псковская обл, г Пыталово",57.0637952,27.9236214
"Псковская обл, г Себеж",56.2908554,28.4724326
"Ростовская обл, г Азов",47.1121589,39.4232555
"Ростовская обл, г Аксай",47.2676314,39.8756872
"Ростовская обл, г Батайск",47.1383299,39.7507179
"Ростовская обл, г Белая Калитва",48.1769737,40.8033529
"Ростовская обл, г Волгодонск",47.5165338,42.1984951
"Ростовская обл, г Гуково",48.0448904,39.9484672
"Ростовская обл, г Донецк",48.3350706,39.945891
"Ростовская обл, г Зверево",48.0435487,40.1265822
"Ростовская обл, г Зерноград",46.8495958,40.312837
"Ростовская обл, г Каменск-Шахтинский",48.3205326,40.2689583
"Ростовская обл, г Константиновск",47.5773717,41.0967445
"Ростовская обл, г Красный Сулин",47.8831311,40.0781298
"Ростовская обл, г Миллерово",48.9260077,40.3984087
"Ростовская обл, г Морозовск",48.3511807,41.8309225
"Ростовская обл, г Новочеркасск",47.411919,40.1042098
"Ростовская обл, г Новошахтинск",47.757773,39.9363697
"Ростовская обл, г Пролетарск",46.7038963,41.727594
г Ростов-на-Дону,47.2224566,39.718803
"Ростовская обл, г Сальск",46.4752095,41.5410415
"Ростовская обл, г Семикаракорск",47.5177337,40.8114167
"Ростовская обл, г Таганрог",47.2094917,38.9350989
"Ростовская обл, г Цимлянск",47.6477448,42.0931505
"Ростовская обл, г Шахты",47.7085287,40.2159846
"Рязанская обл, г Касимов",54.9373475,41.3913211
"Рязанская обл, г Кораблино",53.9246659,40.0227745
"Рязанская обл, г Михайлов",54.2297402,39.0091481
"Рязанская обл, Пронский р-н, г Новомичуринск",54.0376572,39.74654
"Рязанская обл, г Рыбное",54.7256164,39.5134398
"Рязанская обл, г Ряжск",53.7067584,40.0522274
г Рязань,54.6254445,39.7358609
"Рязанская обл, г Сасово",54.3508885,41.9117422
"Рязанская обл, г Скопин",53.823543,39.5492421
"Рязанская обл, г Спас-Клепики",55.1291721,40.1745338
"Рязанская обл, г Спасск-Рязанский",54.4070719,40.3763426
"Рязанская обл, г Шацк",54.0287312,41.7181803
"Самарская обл, г Жигулевск",53.4011981,49.4945176
"Самарская обл, г Кинель",53.2210298,50.6343776
"Самарская обл, г Нефтегорск",52.7972914,51.1637392
"Самарская обл, г Новокуйбышевск",53.0994565,49.9477382
"Самарская обл, г Октябрьск",53.1640488,48.670762
"Самарская обл, г Отрадный",53.3800848,51.3438605
"Самарская обл, г Похвистнево",53.6498299,52.1235156
г Самара,53.1950306,50.1069518
"Самарская обл, г Сызрань",53.1558674,48.4744629
"Самарская обл, г Тольятти",53.5205348,49.3894028
"Самарская обл, г Чапаевск",52.928961,49.8673269
г Санкт-Петербург,59.9391313,30.3159004
"Саратовская обл, г Аркадак",51.938831,43.4999221
"Саратовская обл, г Аткарск",51.8736062,45.0003247
"Саратовская обл, г Балаково",52.0224231,47.7827765
"Саратовская обл, г Балашов",51.5388697,43.1839757
"Саратовская обл, г Вольск",52.0459865,47.3873595
"Саратовская обл, г Ершов",51.3508505,48.2762226
"Саратовская обл, г Калининск",51.4993591,44.4710435
"Саратовская обл, г Красноармейск",51.023541,45.695044
"Саратовская обл, г Красный Кут",50.9598317,46.9712016
"Саратовская обл, г Маркс",51.7133337,46.7400339
"Саратовская обл, г Новоузенск",50.455199,48.1413153
"Саратовская обл, г Петровск",52.3094237,45.3851877
"Саратовская обл, г Пугачев",52.0159921,48.7972223
"Саратовская обл, г Ртищево",52.2616271,43.7842248
г Саратов,51.533557,46.034257
"Саратовская обл, г Хвалынск",52.4951572,48.1045771
"Саратовская обл, г Шиханы",52.1147391,47.2023118
"Саратовская обл, г Энгельс",51.4854003,46.126722
"Сахалинская обл, г Александровск-Сахалинский",50.8974378,142.1578559
"Сахалинская обл, г Анива",46.713152,142.5265804
"Сахалинская обл, г Долинск",47.3255783,142.7945071
"Сахалинская обл, г Корсаков",46.6324545,142.799445
"Сахалинская обл, г Курильск",45.2270954,147.8796323
"Сахалинская обл, г Макаров",48.6236334,142.7803205
"Сахалинская обл, г Невельск",46.6526899,141.8630725
"Сахалинская обл, г Оха",53.5867839,142.9412411
"Сахалинская обл, г Поронайск",49.238866,143.1008333
"Сахалинская обл, г Северо-Курильск",50.6730577,156.1282211
"Сахалинская обл, г Томари",47.7620108,142.0615837
"Сахалинская обл, г Углегорск",49.0815774,142.0692639
"Сахалинская обл, г Холмск",47.0408423,142.041688
г Южно-Сахалинск,46.9591631,142.737976
"Свердловская обл, г Алапаевск",57.8475571,61.6693817
"Свердловская обл, Сысертский р-н, г Арамиль",56.694632,60.8343125
"Свердловская обл, г Артемовский",57.3384177,61.8947443
"Свердловская обл, г Асбест",57.0052277,61.4581156
"Свердловская обл, г Березовский",56.9095924,60.8180907
"Свердловская обл, Богдановичский р-н, г Богданович",56.7764795,62.0463679
"Свердловская обл, г Верхний Тагил",57.3763758,59.9517653
"Свердловская обл, г Верхняя Пышма",56.9758903,60.5650383
"Свердловская обл, г Верхняя Салда",58.0465803,60.5560164
"Свердловская обл, г Верхняя Тура",58.3643685,59.8265235
"Свердловская обл, г Верхотурье",58.8622073,60.8103945
"Свердловская обл, г Волчанск",59.9351707,60.0798618
"Свердловская обл, г Дегтярск",56.7048206,60.079138
г Екатеринбург,56.8385216,60.6054911
"Свердловская обл, г Заречный",56.8102931,61.3380029
"Свердловская обл, г Ивдель",60.6944496,60.4245069
"Свердловская обл, г Ирбит",57.6838362,63.057675
"Свердловская обл, г Каменск-Уральский",56.414962,61.9188674
"Свердловская обл, г Камышлов",56.8465034,62.7119766
"Свердловская обл, г Карпинск",59.7665925,60.0011703
"Свердловская обл, г Качканар",58.7051762,59.4839155
"Свердловская обл, г Кировград",57.4299433,60.0624051
"Свердловская обл, г Краснотурьинск",59.7636635,60.1934525
"Свердловская обл, г Красноуральск",58.348651,60.0408764
"Свердловская обл, г Красноуфимск",56.612387,57.7636637
"Свердловская обл, г Кушва",58.2826013,59.7645766
"Свердловская обл, г Лесной",58.6348516,59.7981565
"Свердловская обл, Нижнесергинский р-н, г Михайловск",56.4370039,59.1137316
"Свердловская обл, г Невьянск",57.49131,60.2183429
"Свердловская обл, г Нижние Серги",56.6544959,59.2953035
"Свердловская обл, г Нижний Тагил",57.910126,59.9812853
"Свердловская обл, г Нижняя Салда",58.0748272,60.7025418
"Свердловская обл, г Нижняя Тура",58.6309267,59.8520344
"Свердловская обл, г Новая Ляля",59.0538977,60.5944825
"Свердловская обл, г Новоуральск",57.2472567,60.0956714
"Свердловская обл, г Первоуральск",56.9080085,59.942926
"Свердловская обл, г Полевской",56.4956952,60.2365298
"Свердловская обл, г Ревда",56.7986319,59.9071591
"Свердловская обл, г Реж",57.3717477,61.3833842
"Свердловская обл, г Североуральск",60.1533109,59.9525245
"Свердловская обл, г Серов",59.6047724,60.5753882
"Свердловская обл, г Среднеуральск",56.9918901,60.4771018
"Свердловская обл, Сухоложский р-н, г Сухой Лог",56.9076193,62.0358093
"Свердловская обл, г Сысерть",56.5005715,60.8190003
"Свердловская обл, г Тавда",58.0434672,65.274217
"Свердловская обл, г Талица",57.0122687,63.7320757
"Свердловская обл, г Туринск",58.0393524,63.6981973
г Севастополь,44.6167013,33.525355
"Респ Северная Осетия - Алания, г Алагир",43.0417684,44.2199715
"Респ Северная Осетия - Алания, г Ардон",43.1755152,44.2955775
"Респ Северная Осетия - Алания, г Беслан",43.1937529,44.5338707
г Владикавказ,43.020588,44.6819182
"Респ Северная Осетия - Алания, г Дигора",43.1567628,44.1549483
"Респ Северная Осетия - Алания, г Моздок",43.7471342,44.6569607
"Смоленская обл, г Велиж",55.6057916,31.1856206
"Смоленская обл, г Вязьма",55.2116983,34.2951663
"Смоленская обл, г Гагарин",55.5525228,34.9950502
"Смоленская обл, г Демидов",55.2682105,31.5062809
"Смоленская обл, г Десногорск",54.146457,33.2833222
"Смоленская обл, г Дорогобуж",54.9136959,33.3023162
"Смоленская обл, г Духовщина",55.1950257,32.401252
"Смоленская обл, г Ельня",54.5837795,33.1749867
"Смоленская обл, г Починок",54.406244,32.4398039
"Смоленская обл, г Рославль",53.9449558,32.8480258
"Смоленская обл, г Рудня",54.9441093,31.0794806
"Смоленская обл, г Сафоново",55.1199661,33.2336988
г Смоленск,54.782635,32.045251
"Смоленская обл, г Сычевка",55.8308821,34.2778793
"Смоленская обл, г Ярцево",55.0564732,32.6902302
"Ставропольский край, г Благодарный",45.0989782,43.4306455
"Ставропольский край, г Буденновск",44.7816067,44.1650339
"Ставропольский край, г Георгиевск",44.1485694,43.4739851
"Ставропольский край, г Ессентуки",44.0446186,42.8588653
"Ставропольский край, г Железноводск",44.1320568,43.0306461
"Ставропольский край, г Зеленокумск",44.4032668,43.8841877
"Ставропольский край, г Изобильный",45.3684296,41.708702
"Ставропольский край, г Ипатово",45.7181751,42.8970206
"Ставропольский край, г Кисловодск",43.9052044,42.7168721
"Ставропольский край, г Лермонтов",44.1054107,42.973135
"Ставропольский край, г Минеральные Воды",44.2087273,43.138408
"Ставропольский край, г Михайловск",45.1297323,42.0288443
"Ставропольский край, г Невинномысск",44.6226031,41.9476723
"Ставропольский край, г Нефтекумск",44.7544552,44.9865347
"Ставропольский край, г Новоалександровск",45.4932733,41.2153996
"Ставропольский край, г Новопавловск",43.9617097,43.6342865
"Ставропольский край, г Пятигорск",44.041091,43.0661553
"Ставропольский край, г Светлоград",45.328659,42.8565714
г Ставрополь,45.044516,41.9689655
"Тамбовская обл, г Жердевка",51.8422192,41.4617687
"Тамбовская обл, г Кирсанов",52.6506335,42.7286445
"Тамбовская обл, г Котовск",52.5924489,41.5101237
"Тамбовская обл, г Мичуринск",52.8912389,40.5104443
"Тамбовская обл, г Моршанск",53.4436216,41.8115478
"Тамбовская обл, г Рассказово",52.6538833,41.874285
г Тамбов,52.7213154,41.452264
"Тамбовская обл, г Уварово",51.9767841,42.2529799
"Респ Татарстан, г Агрыз",56.5232864,52.9943775
"Респ Татарстан, г Азнакаево",54.8598642,53.0745527
"Респ Татарстан, г Альметьевск",54.9014619,52.2970467
"Респ Татарстан, г Арск",56.0912567,49.877067
"Респ Татарстан, г Бавлы",54.4062891,53.2458065
"Респ Татарстан, г Болгар",54.974891,49.0303882
"Респ Татарстан, г Бугульма",54.5363495,52.7895849
"Респ Татарстан, г Буинск",54.9641538,48.2901209
"Респ Татарстан, г Елабуга",55.7567107,52.0543794
"Респ Татарстан, г Заинск",55.299053,52.0062972
"Респ Татарстан, г Зеленодольск",55.8466651,48.5010954
"Респ Татарстан, Верхнеуслонский р-н, г Иннополис",55.7521699,48.7446846
г Казань,55.7943584,49.1114975
"Респ Татарстан, г Кукмор",56.1861392,50.8970238
"Респ Татарстан, г Лаишево",55.4042867,49.5499838
"Респ Татарстан, г Лениногорск",54.5967034,52.4431906
"Респ Татарстан, г Мамадыш",55.7150413,51.4129016
"Респ Татарстан, г Менделеевск",55.895169,52.3143347
"Респ Татарстан, г Мензелинск",55.7270698,53.1003968
"Респ Татарстан, г Набережные Челны",55.7434619,52.3959165
"Респ Татарстан, г Нижнекамск",55.6313609,51.8144669
"Респ Татарстан, г Нурлат",54.4281461,50.8049337
"Респ Татарстан, г Тетюши",54.936516,48.8314533
"Респ Татарстан, г Чистополь",55.3699139,50.6285784
"Тверская обл, г Андреаполь",56.6506724,32.2620163
"Тверская обл, г Бежецк",57.7860089,36.6904983
"Тверская обл, г Белый",55.8339056,32.9389741
"Тверская обл, г Бологое",57.8855767,34.0537771
"Тверская обл, г Весьегонск",58.6582598,37.2567558
"Тверская обл, г Вышний Волочек",57.568302,34.5404016
"Тверская обл, г Западная Двина",56.2566492,32.0805315
"Тверская обл, г Зубцов",56.1760868,34.5825515
"Тверская обл, г Калязин",57.2579478,37.7819693
"Тверская обл, г Кашин",57.360194,37.6119436
"Тверская обл, г Кимры",56.8733213,37.3556605
"Тверская обл, г Конаково",56.7275204,36.8012716
"Тверская обл, г Красный Холм",58.0571446,37.1126156
"Тверская обл, г Кувшиново",57.0265168,34.1676009
"Тверская обл, г Лихославль",57.1221304,35.4667605
"Тверская обл, г Нелидово",56.2232566,32.7767459
"Тверская обл, г Осташков",57.1456744,33.1115372
"Тверская обл, г Ржев",56.262881,34.3291002
"Тверская обл, г Старица",56.514876,34.9336396
г Тверь,56.8586059,35.9116761
"Тверская обл, г Торжок",57.04133,34.9602344
"Тверская обл, г Торопец",56.5012188,31.6355466
"Тверская обл, г Удомля",57.8787314,35.0167348
"Томская обл, г Асино",56.9907085,86.1765257
"Томская обл, г Кедровый",57.561869,79.5677821
"Томская обл, г Колпашево",58.3114253,82.9025829
"Томская обл, г Северск",56.6031285,84.8809926
"Томская обл, г Стрежевой",60.732895,77.604122
г Томск,56.4845804,84.9481582
"Тульская обл, г Алексин",54.5083349,37.0478067
"Тульская обл, г Белев",53.8114179,36.1382247
"Тульская обл, г Богородицк",53.7701014,38.1225152
"Тульская обл, Киреевский р-н, г Болохово",54.0820349,37.826724
"Тульская обл, г Венев",54.3542315,38.2642236
"Тульская обл, г Донской",53.9678944,38.3371824
"Тульская обл, г Ефремов",53.1464766,38.0921657
"Тульская обл, г Кимовск",53.9698378,38.5380808
"Тульская обл, г Киреевск",53.9319555,37.9220351
"Тульская обл, Киреевский р-н, г Липки",53.9417551,37.7020148
"Тульская обл, г Новомосковск",54.0109075,38.2914024
"Тульская обл, г Плавск",53.7096415,37.2862352
"Тульская обл, Щекинский р-н, г Советск",53.9338874,37.6316141
"Тульская обл, г Суворов",54.1343585,36.4807419
г Тула,54.1920559,37.6153842
"Тульская обл, г Узловая",53.9730452,38.1763201
"Тульская обл, Суворовский р-н, г Чекалин",54.0984438,36.2474142
"Тульская обл, г Щекино",54.0020652,37.5176288
"Тульская обл, г Ясногорск",54.4795484,37.6896048
"Респ Тыва, г Ак-Довурак",51.178452,90.5985129
г Кызыл,51.7191047,94.4376882
"Респ Тыва, г Туран",52.1449619,93.9173396
"Респ Тыва, г Чадан",51.2844502,91.5788609
"Респ Тыва, г Шагонар",51.5346393,92.9199675
"Тюменская обл, г Заводоуковск",56.5027463,66.5513613
"Тюменская обл, г Ишим",56.1104858,69.4795776
"Тюменская обл, г Тобольск",58.2017299,68.2538558
г Тюмень,57.1529744,65.5344099
"Тюменская обл, г Ялуторовск",56.6547289,66.3122992
"Респ Удмуртская, г Воткинск",57.0518149,53.9873096
"Респ Удмуртская, г Глазов",58.1359233,52.6635038
г Ижевск,56.852738,53.2114896
"Респ Удмуртская, г Камбарка",56.2659916,54.193374
"Респ Удмуртская, г Можга",56.4427774,52.2137886
"Респ Удмуртская, г Сарапул",56.4615767,53.8037657
"Ульяновская обл, Барышский р-н, г Барыш",53.6533992,47.1181134
"Ульяновская обл, г Димитровград",54.2167926,49.6262585
"Ульяновская обл, г Инза",53.8549647,46.3533459
"Ульяновская обл, г Новоульяновск",54.1447956,48.3910789
"Ульяновская обл, г Сенгилей",53.958964,48.7768269
г Ульяновск,54.3079415,48.3748487
"Хабаровский край, г Амурск",50.2344147,136.8792444
"Хабаровский край, г Бикин",46.8185743,134.2550718
"Хабаровский край, г Вяземский",47.5353379,134.7553856
"Хабаровский край, г Комсомольск-на-Амуре",50.5498936,137.0079408
"Хабаровский край, г Николаевск-на-Амуре",53.1460657,140.7111367
"Хабаровский край, г Советская Гавань",48.9664966,140.285174
г Хабаровск,48.4647258,135.0598942
"Респ Хакасия, г Абаза",52.6516647,90.0885686
г Абакан,53.7223325,91.4436721
"Респ Хакасия, г Саяногорск",53.1008083,91.4122454
"Респ Хакасия, г Сорск",54.0002888,90.2594446
"Респ Хакасия, г Черногорск",53.8259342,91.3260229
"Ханты-Мансийский Автономный округ - Югра АО, г Белоярский",63.7121099,66.6772226
"Ханты-Мансийский Автономный округ - Югра АО, г Когалым",62.2639527,74.4829794
"Ханты-Мансийский Автономный округ - Югра АО, г Лангепас",61.2536939,75.1807763
"Ханты-Мансийский Автономный округ - Югра АО, Сургутский р-н, г Лянтор",61.6392863,72.179409
"Ханты-Мансийский Автономный округ - Югра АО, г Мегион",61.0318712,76.1025878
"Ханты-Мансийский Автономный округ - Югра АО, г Нефтеюганск",61.0882676,72.6164079
"Ханты-Мансийский Автономный округ - Югра АО, г Нижневартовск",60.9396698,76.5696184
"Ханты-Мансийский Автономный округ - Югра АО, г Нягань",62.1454701,65.3946047
"Ханты-Мансийский Автономный округ - Югра АО, г Покачи",61.7422169,75.5941517
"Ханты-Мансийский Автономный округ - Югра АО, г Пыть-Ях",60.7585833,72.8365617
"Ханты-Мансийский Автономный округ - Югра АО, г Радужный",62.1342888,77.4584094
"Ханты-Мансийский Автономный округ - Югра АО, г Советский",61.3706913,63.5667222
"Ханты-Мансийский Автономный округ - Югра АО, г Сургут",61.2541083,73.3961587
"Ханты-Мансийский Автономный округ - Югра АО, г Урай",60.1296954,64.8038508
г Ханты-Мансийск,61.0023984,69.0184798
"Ханты-Мансийский Автономный округ - Югра АО, г Югорск",61.3123568,63.3365484
"Челябинская обл, г Аша",54.9906527,57.2783953
"Челябинская обл, Саткинский р-н, г Бакал",54.9406399,58.8051698
"Челябинская обл, г Верхнеуральск",53.8760961,59.2169852
"Челябинская обл, г Верхний Уфалей",56.0487158,60.2318886
"Челябинская обл, г Еманжелинск",54.7554548,61.3243477
"Челябинская обл, г Златоуст",55.1714905,59.6725549
"Челябинская обл, г Карабаш",55.4852323,60.2358881
"Челябинская обл, г Карталы",53.0536197,60.6478408
"Челябинская обл, г Касли",55.8868784,60.7421663
"Челябинская обл, г Катав-Ивановск",54.7521438,58.1983648
"Челябинская обл, г Копейск",55.116665,61.6179185
"Челябинская обл, г Коркино",54.8903147,61.4034576
"Челябинская обл, г Куса",55.3386053,59.4385778
"Челябинская обл, г Кыштым",55.7061276,60.5563781
"Челябинская обл, г Магнитогорск",53.4072153,58.9791437
"Челябинская обл, г Миасс",55.0456457,60.1077572
"Челябинская обл, Ашинский р-н, г Миньяр",55.0709557,57.548478
"Челябинская обл, г Нязепетровск",56.0536895,59.6097202
"Челябинская обл, г Озерск",55.763154,60.7076198
"Челябинская обл, г Пласт",54.3692764,60.8151894
"Челябинская обл, г Сатка",55.0405288,59.0288975
"Челябинская обл, Ашинский р-н, г Сим",54.9907827,57.6900155
"Челябинская обл, г Снежинск",56.0851495,60.7324914
"Челябинская обл, г Трехгорный",54.8178249,58.4464194
"Челябинская обл, г Троицк",54.0843745,61.5586831
"Челябинская обл, г Усть-Катав",54.9260812,58.152805
"Челябинская обл, г Чебаркуль",54.9818567,60.3773121
г Челябинск,55.1602624,61.4008078
"Челябинская обл, г Южноуральск",54.448927,61.2581158
"Челябинская обл, Катав-Ивановский р-н, г Юрюзань",54.854662,58.4226698
"Респ Чеченская, г Аргун",43.2916774,45.8723105
г Грозный,43.3180145,45.698291
"Респ Чеченская, г Гудермес",43.3519142,46.1035645
"Респ Чеченская, г Курчалой",43.2046547,46.0889364
"Респ Чеченская, г Урус-Мартан",43.120175,45.539276
"Респ Чеченская, г Шали",43.1488691,45.9009629
"Чувашская Республика - Чувашия, г Алатырь",54.8397989,46.5721997
"Чувашская Республика - Чувашия, г Канаш",55.507,47.4918273
"Чувашская Республика - Чувашия, г Козловка",55.8406025,48.2577735
"Чувашская Республика - Чувашия, г Мариинский Посад",56.111923,47.7142942
"Чувашская Республика - Чувашия, г Новочебоксарск",56.1094977,47.4791113
"Чувашская Республика - Чувашия, г Цивильск",55.8650213,47.4729349
г Чебоксары,56.1438298,47.2489782
"Чувашская Республика - Чувашия, г Шумерля",55.4962415,46.4182681
"Чувашская Республика - Чувашия, г Ядрин",55.9406974,46.2020896
г Анадырь,64.7313924,177.5015421
"Чукотский АО, г Билибино",68.0584191,166.4388172
"Чукотский АО, г Певек",69.7016661,170.2999022
"Респ Саха /Якутия/, г Алдан",58.6094283,125.3817188
"Респ Саха /Якутия/, у Верхоянский, г Верхоянск",67.5502451,133.390735
"Респ Саха /Якутия/, г Вилюйск",63.7517616,121.627284
"Респ Саха /Якутия/, г Ленск",60.7276196,114.9548255
"Респ Саха /Якутия/, г Мирный",62.536232,113.9667728
"Респ Саха /Якутия/, г Нерюнгри",56.6599953,124.7202403
"Респ Саха /Якутия/, г Нюрба",63.2828955,118.3242437
"Респ Саха /Якутия/, г Олекминск",60.3758006,120.4060878
"Респ Саха /Якутия/, г Покровск",61.4843503,129.1482392
"Респ Саха /Якутия/, г Среднеколымск",67.4582218,153.7069425
"Респ Саха /Якутия/, у Алданский, г Томмот",58.9586859,126.2875462
"Респ Саха /Якутия/, у Мирнинский, г Удачный",66.4071765,112.3061555
г Якутск,62.0281405,129.7325887
"Ямало-Ненецкий АО, г Губкинский",64.4457594,76.4713274
"Ямало-Ненецкий АО, г Лабытнанги",66.6592841,66.3883009
"Ямало-Ненецкий АО, г Муравленко",63.7940552,74.4948635
"Ямало-Ненецкий АО, г Надым",65.5377966,72.5182736
"Ямало-Ненецкий АО, г Новый Уренгой",66.0839433,76.6809681
"Ямало-Ненецкий АО, г Ноябрьск",63.2018039,75.4510581
г Салехард,66.5492077,66.6085318
"Ямало-Ненецкий АО, г Тарко-Сале",64.9118803,77.7610236
"Ярославская обл, г Гаврилов-Ям",57.3091058,39.8546444
"Ярославская обл, г Данилов",58.1860098,40.1795067
"Ярославская обл, г Любим",58.3620228,40.686841
"Ярославская обл, г Мышкин",57.7881684,38.4544224
"Ярославская обл, г Переславль-Залесский",56.7360544,38.8543617
"Ярославская обл, г Пошехонье",58.5062879,39.1208434
"Ярославская обл, г Ростов",57.2051315,39.4378622
"Ярославская обл, г Рыбинск",58.0485495,38.8584119
"Ярославская обл, г Тутаев",57.8674993,39.5369627
"Ярославская обл, г Углич",57.5224249,38.3020044
г Ярославль,57.6215477,39.8977411
